{"cameraMode":{"drawMode":0,"name":"Shaded","section":"Shading Mode"},"sceneLighting":false,"audioPlay":false,"sceneViewState":{"m_AlwaysRefresh":false,"showFog":true,"showSkybox":false,"showFlares":true,"showImageEffects":true,"showParticleSystems":true,"showVisualEffectGraphs":true,"m_FxEnabled":true},"in2DMode":false,"pivot":{"x":-0.6848990321159363,"y":3.9871902465820314,"z":-0.01864480972290039},"rotation":{"x":-0.006276450119912624,"y":0.9919961094856262,"z":-0.11358001083135605,"w":-0.0548175573348999},"size":2.3994104862213136,"orthographic":true}