{"cameraMode":{"drawMode":0,"name":"Shaded","section":"Shading Mode"},"sceneLighting":false,"audioPlay":false,"sceneViewState":{"m_AlwaysRefresh":false,"showFog":true,"showSkybox":false,"showFlares":true,"showImageEffects":true,"showParticleSystems":true,"showVisualEffectGraphs":true,"m_FxEnabled":true},"in2DMode":false,"pivot":{"x":-0.0678858757019043,"y":1.8738651275634766,"z":0.053353071212768558},"rotation":{"x":0.02857200987637043,"y":-0.9528435468673706,"z":0.2869390547275543,"w":0.094930000603199},"size":7.695924282073975,"orthographic":true}