{"cameraMode":{"drawMode":0,"name":"Shaded","section":"Shading Mode"},"sceneLighting":false,"audioPlay":false,"sceneViewState":{"m_AlwaysRefresh":false,"showFog":true,"showSkybox":false,"showFlares":true,"showImageEffects":true,"showParticleSystems":true,"showVisualEffectGraphs":true,"m_FxEnabled":true},"in2DMode":false,"pivot":{"x":0.002422465244308114,"y":1.0060882568359376,"z":0.008258122950792313},"rotation":{"x":0.02857200987637043,"y":-0.9528435468673706,"z":0.2869390547275543,"w":0.094930000603199},"size":0.00011637587158475071,"orthographic":true}