{"cameraMode":{"drawMode":0,"name":"Shaded","section":"Shading Mode"},"sceneLighting":false,"audioPlay":false,"sceneViewState":{"m_AlwaysRefresh":false,"showFog":true,"showSkybox":false,"showFlares":true,"showImageEffects":true,"showParticleSystems":true,"showVisualEffectGraphs":true,"m_FxEnabled":true},"in2DMode":false,"pivot":{"x":408.24053955078127,"y":713.9591674804688,"z":-110.26959228515625},"rotation":{"x":0.06817761063575745,"y":0.13922345638275147,"z":-0.010349636897444725,"w":0.987971305847168},"size":0.8660253882408142,"orthographic":true}